firstname,lastname,addressLine1,addressLine2,comment,email,,phone,zipCode,description
anu1,gupta1,29 rodney street,albany,test csv comment,anu@gmail.com,,1111111111,111111,des1
anu2,gupta2,30 rodney street,albany1,test csv comment,anu@gmail.com,,1111111112,111112,des2
anu3,gupta3,31 rodney street,albany,test csv comment,anu@gmail.com,,1111111113,111113,des3
anu4,gupta4,32 rodney street,albany2,test csv comment,anu@gmail.com,,1111111114,111114,des4
anu5,gupta5,33 rodney street,albany,test csv comment,anu@gmail.com,,1111111115,111115,des5
anu6,gupta6,34 rodney street,albany3,test csv comment,anu@gmail.com,,1111111116,111116,des6
anu7,gupta7,35 rodney street,albany,test csv comment,anu@gmail.com,,1111111117,111117,des7
anu8,gupta8,36 rodney street,albany4,test csv comment,anu@gmail.com,,1111111118,111118,des8
anu9,gupta9,37 rodney street,albany,test csv comment,anu@gmail.com,,1111111119,111119,des9
anu10,gupta10,38 rodney street,albany5,test csv comment,anu@gmail.com,,1111111120,111120,des10
